-- Idempotent catalog updates for existing installations.
-- Demo alerts and health logs remain first-run-only in seed.sql.

INSERT OR IGNORE INTO feeds (id, name, url, feed_type, enabled, interval_secs)
VALUES
    (100, 'The Hacker News', 'https://feeds.feedburner.com/TheHackersNews', 'Rss', 1, 900),
    (101, 'Dark Reading', 'https://www.darkreading.com/rss.xml', 'Rss', 1, 900),
    (102, 'Threatpost', 'https://threatpost.com/feed/', 'Rss', 1, 900),
    (103, 'NCSC UK Advisories', 'https://www.ncsc.gov.uk/api/1/services/v1/report-rss-feed.xml', 'Rss', 1, 900),
    (104, 'Schneier on Security', 'https://www.schneier.com/feed/', 'Rss', 1, 1800),
    (105, 'Cisco Talos Blog', 'https://blog.talosintelligence.com/rss/', 'Rss', 1, 900),
    (106, 'WeLiveSecurity', 'https://www.welivesecurity.com/en/rss/feed/', 'Rss', 1, 900),
    (107, 'Securelist', 'https://securelist.com/feed/', 'Rss', 1, 900),
    (108, 'SentinelOne Blog', 'https://www.sentinelone.com/feed/', 'Rss', 1, 900),
    (109, 'SentinelLabs', 'https://www.sentinelone.com/labs/feed/', 'Rss', 1, 900),
    (110, 'Google Cloud Threat Intelligence', 'https://cloudblog.withgoogle.com/topics/threat-intelligence/rss/', 'Rss', 1, 900),
    (111, 'Google Online Security Blog', 'http://feeds.feedburner.com/GoogleOnlineSecurityBlog', 'Rss', 1, 900),
    (112, 'Qualys Blog', 'https://blog.qualys.com/feed', 'Rss', 1, 900),
    (113, 'Check Point Research', 'https://research.checkpoint.com/feed/', 'Rss', 1, 900),
    (114, 'Mandiant Blog', 'https://www.mandiant.com/resources/blog/rss.xml', 'Rss', 1, 900),
    (115, 'Recorded Future Blog', 'https://www.recordedfuture.com/feed', 'Rss', 1, 900),
    (116, 'SANS Internet Storm Center', 'https://isc.sans.edu/rssfeed_full.xml', 'Rss', 1, 900),
    (117, 'Google Project Zero', 'https://googleprojectzero.blogspot.com/feeds/posts/default', 'Rss', 1, 1800),
    (118, 'CyberScoop', 'https://cyberscoop.com/feed/', 'Rss', 1, 900),
    (119, 'Infosecurity Magazine', 'https://www.infosecurity-magazine.com/rss/news/', 'Rss', 1, 900),
    (120, 'Help Net Security', 'https://www.helpnetsecurity.com/feed/', 'Rss', 1, 900),
    (121, 'Unit 42', 'https://unit42.paloaltonetworks.com/feed/', 'Rss', 1, 900),
    (122, 'Elastic Security Labs', 'https://www.elastic.co/security-labs/rss/feed.xml', 'Rss', 1, 900),
    (123, 'CrowdStrike Blog', 'https://www.crowdstrike.com/blog/feed/', 'Rss', 1, 900),
    (124, 'Malwarebytes Blog', 'https://www.malwarebytes.com/blog/feed', 'Rss', 1, 900),
    (125, 'Trend Micro Research', 'https://www.trendmicro.com/en_us/research.rss.html', 'Rss', 1, 900),
    (126, 'The DFIR Report', 'https://thedfirreport.com/feed/', 'Rss', 1, 900),
    (127, 'Red Canary Blog', 'https://redcanary.com/blog/rss/', 'Rss', 1, 900),
    (128, 'Huntress Blog', 'https://www.huntress.com/blog/rss.xml', 'Rss', 1, 900),
    (129, 'CERT-EU Security Advisories', 'https://cert.europa.eu/publications/security-advisories-rss', 'Rss', 1, 900),
    (130, 'CERT-EU Threat Intelligence', 'https://cert.europa.eu/publications/threat-intelligence-rss', 'Rss', 1, 900),
    (131, 'VirusTotal Blog', 'https://blog.virustotal.com/feeds/posts/default', 'Rss', 1, 900),
    (132, 'GitHub Security Blog', 'https://github.blog/tag/security/feed/', 'Rss', 1, 900),
    (133, 'Snyk Blog', 'https://snyk.io/blog/feed/', 'Rss', 1, 900),
    (134, 'Microsoft Security Response Center', 'https://msrc.microsoft.com/blog/feed', 'Rss', 1, 900),
    (135, 'Cisco Security Advisories', 'https://sec.cloudapps.cisco.com/security/center/psirtrss20/CiscoSecurityAdvisory.xml', 'Rss', 1, 900),
    (136, 'Ivanti Security Blog', 'https://www.ivanti.com/blog/topics/security/rss', 'Rss', 1, 900),
    (137, 'Tenable Blog', 'https://www.tenable.com/blog/feed', 'Rss', 1, 900),
    (138, 'Rapid7 Blog', 'https://www.rapid7.com/blog/rss/', 'Rss', 1, 900),
    (139, 'Wordfence Blog', 'https://www.wordfence.com/blog/feed/', 'Rss', 1, 900),
    (140, 'JPCERT/CC English', 'https://www.jpcert.or.jp/english/rss/jpcert-en.rdf', 'Rss', 1, 900),
    (141, 'CERT-In', 'https://www.cert-in.org.in/Rss.jsp', 'Rss', 1, 900),
    (142, 'CERT-FR', 'https://www.cert.ssi.gouv.fr/feed/', 'Rss', 1, 900),
    (143, 'CERT-UA', 'https://cert.gov.ua/api/articles/rss', 'Rss', 1, 900),
    (144, 'CERT Polska', 'https://www.cert.pl/en/feed', 'Rss', 1, 900),
    (145, 'Sophos News', 'https://news.sophos.com/en-us/feed', 'Rss', 1, 900),
    (146, 'Sophos Threat Research', 'https://news.sophos.com/en-us/category/threat-research/feed/', 'Rss', 1, 900),
    (147, 'Sucuri Blog', 'https://blog.sucuri.net/feed/', 'Rss', 1, 900),
    (148, 'Volexity Blog', 'https://www.volexity.com/blog/feed/', 'Rss', 1, 900),
    (149, 'The Record', 'https://therecord.media/feed', 'Rss', 1, 900),
    (150, 'Cloudflare Security Blog', 'https://blog.cloudflare.com/tag/security/rss/', 'Rss', 1, 900),
    (151, 'Daily Dark Web', 'https://dailydarkweb.net/feed/', 'Rss', 1, 900),
    (152, 'Dark Web Informer', 'https://darkwebinformer.com/rss/', 'Rss', 1, 900),
    (153, 'SOCRadar Blog', 'https://socradar.io/feed/', 'Rss', 1, 900),
    (154, 'DataBreaches.net', 'https://databreaches.net/feed/', 'Rss', 1, 900),
    (155, 'Security Affairs', 'https://securityaffairs.com/feed', 'Rss', 1, 900),
    (156, 'Cyble Blog', 'https://cyble.com/blog/feed/', 'Rss', 1, 900),
    (157, 'NCSC Netherlands Advisories', 'https://advisories.ncsc.nl/rss/advisories', 'Rss', 1, 900),
    (158, 'CERT-SE', 'https://www.cert.se/feed/rss.xml', 'Rss', 1, 900),
    (159, 'Intel 471 Blog', 'https://www.intel471.com/blog/feed', 'Rss', 1, 900),
    (160, 'Sekoia Blog', 'https://blog.sekoia.io/feed/', 'Rss', 1, 900),
    (161, 'Flashpoint Blog', 'https://flashpoint.io/blog/feed/', 'Rss', 1, 900),
    (162, 'Citizen Lab', 'https://citizenlab.ca/feed/', 'Rss', 1, 900),
    (163, 'Intezer Blog', 'https://intezer.com/feed/', 'Rss', 1, 900),
    (164, 'Kaspersky ICS CERT', 'https://ics-cert.kaspersky.com/feed/', 'Rss', 1, 900),
    (165, 'Netskope Threat Labs', 'https://www.netskope.com/blog/category/netskope-threat-labs/feed', 'Rss', 1, 900),
    (166, 'Vulners', 'https://vulners.com/rss.xml', 'Rss', 1, 900),
    (167, 'Full Disclosure', 'https://seclists.org/rss/fulldisclosure.rss', 'Rss', 1, 900),
    (168, 'Varonis Blog', 'https://www.varonis.com/blog/rss.xml', 'Rss', 1, 900),
    (169, 'Imperva Blog', 'https://www.imperva.com/blog/feed/', 'Rss', 1, 900),
    (170, 'Cybereason Blog', 'https://www.cybereason.com/blog/rss.xml', 'Rss', 1, 900),
    (171, 'ReversingLabs Blog', 'https://www.reversinglabs.com/blog/rss.xml', 'Rss', 1, 900),
    (172, 'GreyNoise Blog', 'https://www.greynoise.io/blog/rss.xml', 'Rss', 1, 900),
    (173, 'Deep Instinct Blog', 'https://www.deepinstinct.com/blog/feed', 'Rss', 1, 900),
    (174, 'Orca Security Blog', 'https://orca.security/resources/blog/feed/', 'Rss', 1, 900),
    (175, 'VMware Security Blog', 'https://blogs.vmware.com/security/feed', 'Rss', 1, 900),
    (176, 'ThreatConnect Blog', 'https://threatconnect.com/blog/feed/', 'Rss', 1, 900);

INSERT OR IGNORE INTO tags (id, name, color, description)
VALUES
    (40, 'Native', '#3B82F6', 'Native cybersecurity RSS sources'),
    (41, 'Global', '#64748B', 'Global coverage'),
    (42, 'US', '#2563EB', 'United States coverage'),
    (43, 'UK', '#7C3AED', 'United Kingdom coverage'),
    (44, 'EU', '#0F766E', 'European Union coverage'),
    (45, 'Japan', '#DC2626', 'Japan coverage'),
    (46, 'India', '#16A34A', 'India coverage'),
    (47, 'France', '#0891B2', 'France coverage'),
    (48, 'Ukraine', '#EAB308', 'Ukraine coverage'),
    (49, 'Poland', '#DB2777', 'Poland coverage'),
    (50, 'Europe', '#14B8A6', 'Europe coverage');

INSERT OR IGNORE INTO feed_tags (feed_id, tag_id)
VALUES
    (100, 40), (100, 41), (101, 40), (101, 41), (102, 40), (102, 41),
    (103, 40), (103, 43), (104, 40), (104, 41), (105, 40), (105, 41),
    (106, 40), (106, 41), (107, 40), (107, 41), (108, 40), (108, 41),
    (109, 40), (109, 41), (110, 40), (110, 41), (111, 40), (111, 41),
    (112, 40), (112, 41), (113, 40), (113, 41), (114, 40), (114, 41),
    (115, 40), (115, 41), (116, 40), (116, 41), (117, 40), (117, 41),
    (118, 40), (118, 42), (119, 40), (119, 43), (120, 40), (120, 41),
    (121, 40), (121, 41), (122, 40), (122, 41), (123, 40), (123, 41),
    (124, 40), (124, 41), (125, 40), (125, 41), (126, 40), (126, 41),
    (127, 40), (127, 41), (128, 40), (128, 42), (129, 40), (129, 44),
    (130, 40), (130, 44), (131, 40), (131, 41), (132, 40), (132, 41),
    (133, 40), (133, 41), (134, 40), (134, 41), (135, 40), (135, 41),
    (136, 40), (136, 41), (137, 40), (137, 41), (138, 40), (138, 41),
    (139, 40), (139, 41), (140, 40), (140, 45), (141, 40), (141, 46),
    (142, 40), (142, 47), (143, 40), (143, 48), (144, 40), (144, 49),
    (145, 40), (145, 41), (146, 40), (146, 41), (147, 40), (147, 41),
    (148, 40), (148, 41), (149, 40), (149, 41), (150, 40), (150, 41),
    (151, 40), (151, 41), (152, 40), (152, 41), (153, 40), (153, 41),
    (154, 40), (154, 41), (155, 40), (155, 41), (156, 40), (156, 41),
    (157, 40), (157, 50), (158, 40), (158, 50), (159, 40), (159, 41),
    (160, 40), (160, 50), (161, 40), (161, 41), (162, 40), (162, 41),
    (163, 40), (163, 41), (164, 40), (164, 41), (165, 40), (165, 41),
    (166, 40), (166, 41), (167, 40), (167, 41), (168, 40), (168, 41),
    (169, 40), (169, 41), (170, 40), (170, 41), (171, 40), (171, 41),
    (172, 40), (172, 41), (173, 40), (173, 41), (174, 40), (174, 41),
    (175, 40), (175, 41), (176, 40), (176, 41);

INSERT OR REPLACE INTO app_meta (key, value)
VALUES ('catalog_seed_version', 'catalog-v3');
