-- First-run seed data bundled into release builds.
-- This mirrors demo-seed.sh, but is idempotent and runs only for empty databases.

INSERT OR IGNORE INTO api_templates (id, name, jsonpath_title, jsonpath_description, jsonpath_date, jsonpath_url, jsonpath_source)
VALUES
    (1, 'Ransomfeed.it', '$.post_title', '$.description', '$.discovered', '$.source', '$.group'),
    (2, 'RansomLook', '$.name', '$.description', '$.published', '$.url', '$.group_name');

INSERT OR IGNORE INTO feeds (id, name, url, feed_type, enabled, interval_secs, api_template_id, api_key, custom_headers)
VALUES
    (2, 'RansomLook Groups', 'https://api.ransomlook.io/v1/groups', 'Api', 1, 600, 2, NULL, NULL);

INSERT OR IGNORE INTO feeds (id, name, url, feed_type, enabled, interval_secs)
VALUES
    (1, 'Krebs On Security', 'https://krebsonsecurity.com/feed/', 'Rss', 1, 3800),
    (3, 'BleepingComputer', 'https://www.bleepingcomputer.com/feed/', 'Rss', 1, 300),
    (4, 'SecurityWeek News', 'https://feeds.securityweek.com/securityweek', 'Rss', 1, 600),
    (5, 'CISA Alerts', 'https://www.cisa.gov/news-events/cybersecurity-advisories', 'Website', 1, 900);

INSERT OR IGNORE INTO feeds (id, name, url, feed_type, enabled, interval_secs, tor_proxy)
VALUES
    (6, 'Dark Web Monitor', 'http://ransomxifxwc5ste.onion/posts', 'Onion', 0, 1200, 'socks5h://127.0.0.1:9050');

INSERT OR IGNORE INTO feeds (id, name, url, feed_type, enabled, interval_secs)
VALUES
    (100, 'The Hacker News', 'https://feeds.feedburner.com/TheHackersNews', 'Rss', 1, 900),
    (101, 'Dark Reading', 'https://www.darkreading.com/rss.xml', 'Rss', 1, 900),
    (102, 'Threatpost', 'https://threatpost.com/feed/', 'Rss', 1, 900),
    (103, 'NCSC UK Advisories', 'https://www.ncsc.gov.uk/api/1/services/v1/report-rss-feed.xml', 'Rss', 1, 900),
    (104, 'Schneier on Security', 'https://www.schneier.com/feed/', 'Rss', 1, 1800),
    (105, 'Cisco Talos Blog', 'https://blog.talosintelligence.com/rss/', 'Rss', 1, 900),
    (106, 'WeLiveSecurity', 'https://www.welivesecurity.com/en/rss/feed/', 'Rss', 1, 900),
    (107, 'Securelist', 'https://securelist.com/feed/', 'Rss', 1, 900),
    (108, 'SentinelOne Blog', 'https://www.sentinelone.com/feed/', 'Rss', 1, 900),
    (109, 'SentinelLabs', 'https://www.sentinelone.com/labs/feed/', 'Rss', 1, 900),
    (110, 'Google Cloud Threat Intelligence', 'https://cloudblog.withgoogle.com/topics/threat-intelligence/rss/', 'Rss', 1, 900),
    (111, 'Google Online Security Blog', 'http://feeds.feedburner.com/GoogleOnlineSecurityBlog', 'Rss', 1, 900),
    (112, 'Qualys Blog', 'https://blog.qualys.com/feed', 'Rss', 1, 900),
    (113, 'Check Point Research', 'https://research.checkpoint.com/feed/', 'Rss', 1, 900),
    (114, 'Mandiant Blog', 'https://www.mandiant.com/resources/blog/rss.xml', 'Rss', 1, 900),
    (115, 'Recorded Future Blog', 'https://www.recordedfuture.com/feed', 'Rss', 1, 900),
    (116, 'SANS Internet Storm Center', 'https://isc.sans.edu/rssfeed_full.xml', 'Rss', 1, 900),
    (117, 'Google Project Zero', 'https://googleprojectzero.blogspot.com/feeds/posts/default', 'Rss', 1, 1800),
    (118, 'CyberScoop', 'https://cyberscoop.com/feed/', 'Rss', 1, 900),
    (119, 'Infosecurity Magazine', 'https://www.infosecurity-magazine.com/rss/news/', 'Rss', 1, 900),
    (120, 'Help Net Security', 'https://www.helpnetsecurity.com/feed/', 'Rss', 1, 900),
    (121, 'Unit 42', 'https://unit42.paloaltonetworks.com/feed/', 'Rss', 1, 900),
    (122, 'Elastic Security Labs', 'https://www.elastic.co/security-labs/rss/feed.xml', 'Rss', 1, 900),
    (123, 'CrowdStrike Blog', 'https://www.crowdstrike.com/blog/feed/', 'Rss', 1, 900),
    (124, 'Malwarebytes Blog', 'https://www.malwarebytes.com/blog/feed', 'Rss', 1, 900),
    (125, 'Trend Micro Research', 'https://www.trendmicro.com/en_us/research.rss.html', 'Rss', 1, 900),
    (126, 'The DFIR Report', 'https://thedfirreport.com/feed/', 'Rss', 1, 900),
    (127, 'Red Canary Blog', 'https://redcanary.com/blog/rss/', 'Rss', 1, 900),
    (128, 'Huntress Blog', 'https://www.huntress.com/blog/rss.xml', 'Rss', 1, 900),
    (129, 'CERT-EU Security Advisories', 'https://cert.europa.eu/publications/security-advisories-rss', 'Rss', 1, 900),
    (130, 'CERT-EU Threat Intelligence', 'https://cert.europa.eu/publications/threat-intelligence-rss', 'Rss', 1, 900),
    (131, 'VirusTotal Blog', 'https://blog.virustotal.com/feeds/posts/default', 'Rss', 1, 900),
    (132, 'GitHub Security Blog', 'https://github.blog/tag/security/feed/', 'Rss', 1, 900),
    (133, 'Snyk Blog', 'https://snyk.io/blog/feed/', 'Rss', 1, 900),
    (134, 'Microsoft Security Response Center', 'https://msrc.microsoft.com/blog/feed', 'Rss', 1, 900),
    (135, 'Cisco Security Advisories', 'https://sec.cloudapps.cisco.com/security/center/psirtrss20/CiscoSecurityAdvisory.xml', 'Rss', 1, 900),
    (136, 'Ivanti Security Blog', 'https://www.ivanti.com/blog/topics/security/rss', 'Rss', 1, 900),
    (137, 'Tenable Blog', 'https://www.tenable.com/blog/feed', 'Rss', 1, 900),
    (138, 'Rapid7 Blog', 'https://www.rapid7.com/blog/rss/', 'Rss', 1, 900),
    (139, 'Wordfence Blog', 'https://www.wordfence.com/blog/feed/', 'Rss', 1, 900),
    (140, 'JPCERT/CC English', 'https://www.jpcert.or.jp/english/rss/jpcert-en.rdf', 'Rss', 1, 900),
    (141, 'CERT-In', 'https://www.cert-in.org.in/Rss.jsp', 'Rss', 1, 900),
    (142, 'CERT-FR', 'https://www.cert.ssi.gouv.fr/feed/', 'Rss', 1, 900),
    (143, 'CERT-UA', 'https://cert.gov.ua/api/articles/rss', 'Rss', 1, 900),
    (144, 'CERT Polska', 'https://www.cert.pl/en/feed', 'Rss', 1, 900),
    (145, 'Sophos News', 'https://news.sophos.com/en-us/feed', 'Rss', 1, 900),
    (146, 'Sophos Threat Research', 'https://news.sophos.com/en-us/category/threat-research/feed/', 'Rss', 1, 900),
    (147, 'Sucuri Blog', 'https://blog.sucuri.net/feed/', 'Rss', 1, 900),
    (148, 'Volexity Blog', 'https://www.volexity.com/blog/feed/', 'Rss', 1, 900),
    (149, 'The Record', 'https://therecord.media/feed', 'Rss', 1, 900),
    (150, 'Cloudflare Security Blog', 'https://blog.cloudflare.com/tag/security/rss/', 'Rss', 1, 900),
    (151, 'Daily Dark Web', 'https://dailydarkweb.net/feed/', 'Rss', 1, 900),
    (152, 'Dark Web Informer', 'https://darkwebinformer.com/rss/', 'Rss', 1, 900),
    (153, 'SOCRadar Blog', 'https://socradar.io/feed/', 'Rss', 1, 900),
    (154, 'DataBreaches.net', 'https://databreaches.net/feed/', 'Rss', 1, 900),
    (155, 'Security Affairs', 'https://securityaffairs.com/feed', 'Rss', 1, 900),
    (156, 'Cyble Blog', 'https://cyble.com/blog/feed/', 'Rss', 1, 900),
    (157, 'NCSC Netherlands Advisories', 'https://advisories.ncsc.nl/rss/advisories', 'Rss', 1, 900),
    (158, 'CERT-SE', 'https://www.cert.se/feed/rss.xml', 'Rss', 1, 900),
    (159, 'Intel 471 Blog', 'https://www.intel471.com/blog/feed', 'Rss', 1, 900),
    (160, 'Sekoia Blog', 'https://blog.sekoia.io/feed/', 'Rss', 1, 900),
    (161, 'Flashpoint Blog', 'https://flashpoint.io/blog/feed/', 'Rss', 1, 900),
    (162, 'Citizen Lab', 'https://citizenlab.ca/feed/', 'Rss', 1, 900),
    (163, 'Intezer Blog', 'https://intezer.com/feed/', 'Rss', 1, 900),
    (164, 'Kaspersky ICS CERT', 'https://ics-cert.kaspersky.com/feed/', 'Rss', 1, 900),
    (165, 'Netskope Threat Labs', 'https://www.netskope.com/blog/category/netskope-threat-labs/feed', 'Rss', 1, 900),
    (166, 'Vulners', 'https://vulners.com/rss.xml', 'Rss', 1, 900),
    (167, 'Full Disclosure', 'https://seclists.org/rss/fulldisclosure.rss', 'Rss', 1, 900),
    (168, 'Varonis Blog', 'https://www.varonis.com/blog/rss.xml', 'Rss', 1, 900),
    (169, 'Imperva Blog', 'https://www.imperva.com/blog/feed/', 'Rss', 1, 900),
    (170, 'Cybereason Blog', 'https://www.cybereason.com/blog/rss.xml', 'Rss', 1, 900),
    (171, 'ReversingLabs Blog', 'https://www.reversinglabs.com/blog/rss.xml', 'Rss', 1, 900),
    (172, 'GreyNoise Blog', 'https://www.greynoise.io/blog/rss.xml', 'Rss', 1, 900),
    (173, 'Deep Instinct Blog', 'https://www.deepinstinct.com/blog/feed', 'Rss', 1, 900),
    (174, 'Orca Security Blog', 'https://orca.security/resources/blog/feed/', 'Rss', 1, 900),
    (175, 'VMware Security Blog', 'https://blogs.vmware.com/security/feed', 'Rss', 1, 900),
    (176, 'ThreatConnect Blog', 'https://threatconnect.com/blog/feed/', 'Rss', 1, 900);

INSERT OR IGNORE INTO keywords (id, pattern, is_regex, case_sensitive, criticality, enabled)
VALUES
    (1, 'ransomware', 0, 0, 'Critical', 1),
    (2, 'CVE-[0-9]{4}-[0-9]+', 1, 0, 'High', 1),
    (3, 'APT[0-9]+', 1, 0, 'High', 1),
    (4, 'zero-day', 0, 0, 'Critical', 1),
    (5, 'phishing', 0, 0, 'Medium', 1),
    (6, 'malware', 0, 0, 'Medium', 1),
    (7, 'exploit', 0, 0, 'High', 1),
    (8, 'backdoor', 0, 0, 'Critical', 1),
    (9, 'data breach', 0, 0, 'High', 1),
    (11, '0day', 0, 0, 'Critical', 1),
    (12, 'leak', 0, 0, 'High', 1);

INSERT OR IGNORE INTO alerts (id, feed_id, keyword_id, title, content_snippet, criticality, read, content_hash, detected_at)
VALUES
    (1, 1, 1, 'LockBit hits healthcare provider', 'LockBit ransomware group claims attack on major healthcare provider, exfiltrating 2TB of patient data including medical records and insurance information.', 'Critical', 0, 'a1b2c3d4e5f6789012345678901234567890abcdef1234567890abcdef123456', datetime('now', '-2 minutes')),
    (2, 1, 1, 'BlackCat targets energy sector', 'ALPHV/BlackCat ransomware operators have breached a European energy company, deploying encryption across Windows and Linux systems.', 'Critical', 0, 'b2c3d4e5f6789012345678901234567890abcdef1234567890abcdef123456a1', datetime('now', '-15 minutes')),
    (3, 1, 7, 'Ransomware exploit chain disclosed', 'Security researchers disclose a new exploit chain used by ransomware groups leveraging CVE-2024-1234 for initial access.', 'High', 1, 'c3d4e5f6789012345678901234567890abcdef1234567890abcdef123456a1b2', datetime('now', '-1 hour')),
    (4, 2, 3, 'APT29 targets diplomatic missions', 'Cozy Bear (APT29) has been observed targeting diplomatic missions in Eastern Europe with sophisticated spear-phishing campaigns.', 'High', 0, 'd4e5f6789012345678901234567890abcdef1234567890abcdef123456a1b2c3', datetime('now', '-45 minutes')),
    (5, 2, 3, 'APT42 Iran-linked activity surge', 'Mandiant reports increased activity from APT42, an Iran-nexus actor targeting journalists and academics with credential harvesting.', 'High', 1, 'e5f6789012345678901234567890abcdef1234567890abcdef123456a1b2c3d4', datetime('now', '-3 hours')),
    (6, 3, 2, 'Critical CVE-2024-9876 in OpenSSL', 'A critical buffer overflow vulnerability has been discovered in OpenSSL 3.0.x allowing remote code execution under specific configurations.', 'High', 0, 'f6789012345678901234567890abcdef1234567890abcdef123456a1b2c3d4e5', datetime('now', '-30 minutes')),
    (7, 3, 4, 'Chrome zero-day exploited in wild', 'Google confirms active exploitation of a zero-day vulnerability (CVE-2024-8765) in Chrome. Patch immediately.', 'Critical', 0, '6789012345678901234567890abcdef1234567890abcdef123456a1b2c3d4e5f6', datetime('now', '-5 minutes')),
    (8, 3, 5, 'Phishing campaign targets banks', 'A large-scale phishing campaign using brand impersonation of major banks has been detected, affecting users across 12 countries.', 'Medium', 1, '789012345678901234567890abcdef1234567890abcdef123456a1b2c3d4e5f67', datetime('now', '-2 hours')),
    (9, 4, 6, 'New InfoStealer malware family', 'Researchers identify a new information stealer malware dubbed "LummaC2" being distributed via malicious Google Ads.', 'Medium', 1, '89012345678901234567890abcdef1234567890abcdef123456a1b2c3d4e5f678', datetime('now', '-4 hours')),
    (10, 4, 8, 'Supply chain backdoor discovered', 'A backdoor has been discovered in a popular npm package downloaded over 2 million times weekly. The malicious code exfiltrates environment variables.', 'Critical', 0, '9012345678901234567890abcdef1234567890abcdef123456a1b2c3d4e5f6789', datetime('now', '-20 minutes')),
    (11, 5, 7, 'CISA adds CVE-2024-5432 to KEV catalog', 'CISA has added CVE-2024-5432 to the Known Exploited Vulnerabilities catalog, requiring federal agencies to patch by January 30.', 'High', 0, '012345678901234567890abcdef1234567890abcdef123456a1b2c3d4e5f67890', datetime('now', '-1 hour')),
    (12, 5, 4, 'Zero-day in enterprise VPN appliances', 'CISA warns of active exploitation of a zero-day vulnerability in widely deployed enterprise VPN appliances. No patch available yet.', 'Critical', 0, '12345678901234567890abcdef1234567890abcdef123456a1b2c3d4e5f678901', datetime('now', '-10 minutes')),
    (13, 5, 2, 'Microsoft Patch Tuesday: 87 CVEs', 'Microsoft releases January 2024 Patch Tuesday updates addressing 87 CVEs including 6 critical remote code execution vulnerabilities.', 'Medium', 1, '2345678901234567890abcdef1234567890abcdef123456a1b2c3d4e5f6789012', datetime('now', '-6 hours')),
    (14, 1, 8, 'Ransomware deploys persistent backdoor', 'Analysis reveals that recent ransomware deployments include a persistent backdoor mechanism ensuring re-entry even after remediation.', 'Critical', 0, '345678901234567890abcdef1234567890abcdef123456a1b2c3d4e5f67890123', datetime('now', '-8 hours')),
    (15, 3, 6, 'TrickBot malware resurfaces', 'TrickBot malware infrastructure shows signs of reactivation with new command and control servers identified in Eastern Europe.', 'Medium', 1, '456789012345678901234567890abcdef1234567890abcdef123456a1b2c3d4e5f', datetime('now', '-12 hours'));

INSERT OR IGNORE INTO tags (id, name, color, description)
VALUES
    (1, 'X', '#1DA1F2', 'X (Twitter) feeds'),
    (2, 'Ransomware Gang', '#FF6B6B', 'Dark web ransomware sources'),
    (3, 'API', '#4CAF50', 'REST API feeds'),
    (4, 'News', '#FF9800', 'General security news'),
    (25, 'APT', '#F97316', 'Advanced persistent threats'),
    (26, 'Malware', '#EC4899', 'Malware-related intelligence'),
    (27, 'Phishing', '#8B5CF6', 'Phishing campaigns'),
    (28, 'Vulnerability', '#14B8A6', 'Vulnerability disclosures'),
    (29, 'Data Breach', '#F97316', 'Data breach incidents'),
    (30, 'Dark Web', '#64748B', 'Dark web intelligence'),
    (31, 'Critical Infrastructure', '#EF4444', 'Critical infrastructure threats'),
    (32, 'Financial', '#10B981', 'Financial sector threats'),
    (33, 'Healthcare', '#06B6D4', 'Healthcare sector threats'),
    (40, 'Native', '#3B82F6', 'Native cybersecurity RSS sources'),
    (41, 'Global', '#64748B', 'Global coverage'),
    (42, 'US', '#2563EB', 'United States coverage'),
    (43, 'UK', '#7C3AED', 'United Kingdom coverage'),
    (44, 'EU', '#0F766E', 'European Union coverage'),
    (45, 'Japan', '#DC2626', 'Japan coverage'),
    (46, 'India', '#16A34A', 'India coverage'),
    (47, 'France', '#0891B2', 'France coverage'),
    (48, 'Ukraine', '#EAB308', 'Ukraine coverage'),
    (49, 'Poland', '#DB2777', 'Poland coverage'),
    (50, 'Europe', '#14B8A6', 'Europe coverage');

INSERT OR IGNORE INTO feed_tags (feed_id, tag_id)
VALUES
    (1, 40), (1, 42),
    (3, 40), (3, 41),
    (100, 40), (100, 41),
    (101, 40), (101, 41),
    (102, 40), (102, 41),
    (103, 40), (103, 43),
    (104, 40), (104, 41),
    (105, 40), (105, 41),
    (106, 40), (106, 41),
    (107, 40), (107, 41),
    (108, 40), (108, 41),
    (109, 40), (109, 41),
    (110, 40), (110, 41),
    (111, 40), (111, 41),
    (112, 40), (112, 41),
    (113, 40), (113, 41),
    (114, 40), (114, 41),
    (115, 40), (115, 41),
    (116, 40), (116, 41),
    (117, 40), (117, 41),
    (118, 40), (118, 42),
    (119, 40), (119, 43),
    (120, 40), (120, 41),
    (121, 40), (121, 41),
    (122, 40), (122, 41),
    (123, 40), (123, 41),
    (124, 40), (124, 41),
    (125, 40), (125, 41),
    (126, 40), (126, 41),
    (127, 40), (127, 41),
    (128, 40), (128, 42),
    (129, 40), (129, 44),
    (130, 40), (130, 44),
    (131, 40), (131, 41),
    (132, 40), (132, 41),
    (133, 40), (133, 41),
    (134, 40), (134, 41),
    (135, 40), (135, 41),
    (136, 40), (136, 41),
    (137, 40), (137, 41),
    (138, 40), (138, 41),
    (139, 40), (139, 41),
    (140, 40), (140, 45),
    (141, 40), (141, 46),
    (142, 40), (142, 47),
    (143, 40), (143, 48),
    (144, 40), (144, 49),
    (145, 40), (145, 41),
    (146, 40), (146, 41),
    (147, 40), (147, 41),
    (148, 40), (148, 41),
    (149, 40), (149, 41),
    (150, 40), (150, 41),
    (151, 40), (151, 41),
    (152, 40), (152, 41),
    (153, 40), (153, 41),
    (154, 40), (154, 41),
    (155, 40), (155, 41),
    (156, 40), (156, 41),
    (157, 40), (157, 50),
    (158, 40), (158, 50),
    (159, 40), (159, 41),
    (160, 40), (160, 50),
    (161, 40), (161, 41),
    (162, 40), (162, 41),
    (163, 40), (163, 41),
    (164, 40), (164, 41),
    (165, 40), (165, 41),
    (166, 40), (166, 41),
    (167, 40), (167, 41),
    (168, 40), (168, 41),
    (169, 40), (169, 41),
    (170, 40), (170, 41),
    (171, 40), (171, 41),
    (172, 40), (172, 41),
    (173, 40), (173, 41),
    (174, 40), (174, 41),
    (175, 40), (175, 41),
    (176, 40), (176, 41);

INSERT OR IGNORE INTO feed_health_logs (feed_id, status, error_message, checked_at)
VALUES
    (1, 'Healthy', NULL, datetime('now', '-5 minutes')),
    (2, 'Healthy', NULL, datetime('now', '-10 minutes')),
    (3, 'Healthy', NULL, datetime('now', '-3 minutes')),
    (4, 'Warning', 'RSS parse warning: unexpected element', datetime('now', '-1 hour')),
    (5, 'Healthy', NULL, datetime('now', '-15 minutes')),
    (6, 'Disabled', 'Feed disabled: Tor proxy unreachable', datetime('now', '-1 day'));

INSERT OR REPLACE INTO app_meta (key, value)
VALUES ('first_run_seed_version', 'demo-seed-v3');
